{
  "_format": "hh-sol-cache-2",
  "files": {
    "/Users/arashnaimi/Desktop/Software Engineer/Vibranium/VInfluence/client/contracts/vbnBounty.sol": {
      "lastModificationDate": 1678317186763,
      "contentHash": "b29bdfdc5de35dd580737d2ac2fa4221",
      "sourceName": "contracts/vbnBounty.sol",
      "solcConfig": {
        "version": "0.8.18",
        "settings": {
          "optimizer": {
            "enabled": false,
            "runs": 200
          },
          "outputSelection": {
            "*": {
              "*": [
                "abi",
                "evm.bytecode",
                "evm.deployedBytecode",
                "evm.methodIdentifiers",
                "metadata"
              ],
              "": [
                "ast"
              ]
            }
          }
        }
      },
      "imports": [],
      "versionPragmas": [
        "^0.8.18"
      ],
      "artifacts": [
        "BountyContract"
      ]
    }
  }
}
