{
    "version": 2,
    "builds": [
        {
            "src": "server.js",
            "use": "@vercel/node"
        },
        {
            "src": "client/package.json",
            "use": "@vercel/static-build",
            "config": {
                "installCommand": "npm install --legacy-peer-deps",
                "distDir": "build"
            }
        }
    ],
    "routes": [
        {
            "src": "/.*",
            "dest": "server.js"
        },
        {
            "src": "/(.*)",
            "dest": "client/build/$1"
        }
    ],
    "env": {
        "GOOGLE_CLIENT_ID": "270261463137-15fjl8k9kav2qhsa4hmdc0htpk8e8rmb.apps.googleusercontent.com",
        "GOOGLE_CLIENT_SECRET": "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",
        "DB_URI": "mongodb+srv://Ahmad:Test@cluster0.nrhrllz.mongodb.net/test",
        "CLOUD_NAME": "dtkebsxos",
        "API_KEY": "341293867546779",
        "API_SECRET": "tq57Z1X_-fa64gjntHn0XoTkq_Q"
    }
}